Source Website,URL,Link Text
skttdijayaskk,https://sites.google.com/moe-dl.edu.my/skttdijayaskk/pemakluman-ketidakhadiran-ke-sekolah,pemakluman ketidakhadiran ke sekolah
skttdijayaskk,https://sites.google.com/moe-dl.edu.my/skttdijayaskk/pemakluman-ketidakhadiran-ke-sekolah,pemakluman ketidakhadiran ke sekolah
skttdijayaskk,https://sites.google.com/moe-dl.edu.my/skttdijayaskk/pemakluman-ketidakhadiran-ke-sekolah,pemakluman ketidakhadiran ke sekolah
skttdijayaskk,https://sites.google.com/moe-dl.edu.my/skttdijayaskk/pemakluman-ketidakhadiran-ke-sekolah,pemakluman ketidakhadiran ke sekolah
skttdijayaskk,https://sites.google.com/moe-dl.edu.my/skttdijayaskk/id-google-classroom-murid,id google classroom murid 
skttdijayaskk,https://sites.google.com/moe-dl.edu.my/skttdijayaskk/senarai-nama-murid-mengikut-rumah-sukan,senarai nama murid mengikut rumah sukan
skttdijayaskk,https://sites.google.com/moe-dl.edu.my/skttdijayaskk/pemakluman-ketidakhadiran-ke-sekolah,pemakluman ketidakhadiran ke sekolah
skttdijayaskk,https://sites.google.com/moe-dl.edu.my/skttdijayaskk/id-google-classroom-murid,id google classroom murid 
skttdijayaskk,https://sites.google.com/moe-dl.edu.my/skttdijayaskk/senarai-nama-murid-mengikut-rumah-sukan,senarai nama murid mengikut rumah sukan
skttdijayaskk,https://sites.google.com/moe-dl.edu.my/skttdijayaskk/senarai-nama-murid-mengikut-unit-kokurikulum,senarai nama murid mengikut unit kokurikulum
skttdijayaskk,https://sites.google.com/moe-dl.edu.my/skttdijayaskk/pemakluman-ketidakhadiran-ke-sekolah,pemakluman ketidakhadiran ke sekolah
skttdijayaskk,https://sites.google.com/moe-dl.edu.my/skttdijayaskk/id-google-classroom-murid,id google classroom murid 
skttdijayaskk,https://sites.google.com/moe-dl.edu.my/skttdijayaskk/senarai-nama-murid-mengikut-rumah-sukan,senarai nama murid mengikut rumah sukan
skttdijayaskk,https://sites.google.com/moe-dl.edu.my/skttdijayaskk/senarai-nama-murid-mengikut-unit-kokurikulum,senarai nama murid mengikut unit kokurikulum
skttdijayaskk,https://sites.google.com/moe-dl.edu.my/skttdijayaskk/senarai-nama-murid-mengikut-kelas,senarai nama murid mengikut kelas
skttdijayaskk,https://sites.google.com/moe-dl.edu.my/skttdijayaskk/pemakluman-ketidakhadiran-ke-sekolah,pemakluman ketidakhadiran ke sekolah
skttdijayaskk,https://sites.google.com/moe-dl.edu.my/skttdijayaskk/id-google-classroom-murid,id google classroom murid 
skttdijayaskk,https://sites.google.com/moe-dl.edu.my/skttdijayaskk/senarai-nama-murid-mengikut-rumah-sukan,senarai nama murid mengikut rumah sukan
skttdijayaskk,https://sites.google.com/moe-dl.edu.my/skttdijayaskk/senarai-nama-murid-mengikut-unit-kokurikulum,senarai nama murid mengikut unit kokurikulum
skttdijayaskk,https://sites.google.com/moe-dl.edu.my/skttdijayaskk/senarai-nama-murid-mengikut-kelas,senarai nama murid mengikut kelas
skttdijayaskk,https://sites.google.com/moe-dl.edu.my/skttdijayaskk/pemakluman-ketidakhadiran-ke-sekolah,pemakluman ketidakhadiran ke sekolah
skttdijayaskk,https://sites.google.com/moe-dl.edu.my/skttdijayaskk/id-google-classroom-murid,id google classroom murid 
skttdijayaskk,https://sites.google.com/moe-dl.edu.my/skttdijayaskk/senarai-nama-murid-mengikut-rumah-sukan,senarai nama murid mengikut rumah sukan
skttdijayaskk,https://sites.google.com/moe-dl.edu.my/skttdijayaskk/senarai-nama-murid-mengikut-unit-kokurikulum,senarai nama murid mengikut unit kokurikulum
skttdijayaskk,https://sites.google.com/moe-dl.edu.my/skttdijayaskk/senarai-nama-murid-mengikut-kelas,senarai nama murid mengikut kelas
skttdijayaskk,https://sites.google.com/moe-dl.edu.my/skttdijayaskk/pemakluman-ketidakhadiran-ke-sekolah,pemakluman ketidakhadiran ke sekolah
skttdijayaskk,https://sites.google.com/moe-dl.edu.my/skttdijayaskk/id-google-classroom-murid,id google classroom murid 
skttdijayaskk,https://sites.google.com/moe-dl.edu.my/skttdijayaskk/senarai-nama-murid-mengikut-rumah-sukan,senarai nama murid mengikut rumah sukan
skttdijayaskk,https://sites.google.com/moe-dl.edu.my/skttdijayaskk/senarai-nama-murid-mengikut-unit-kokurikulum,senarai nama murid mengikut unit kokurikulum
skttdijayaskk,https://sites.google.com/moe-dl.edu.my/skttdijayaskk/senarai-nama-murid-mengikut-kelas,senarai nama murid mengikut kelas
skttdijayaskk,https://sites.google.com/moe-dl.edu.my/skttdijayaskk/pemakluman-ketidakhadiran-ke-sekolah,pemakluman ketidakhadiran ke sekolah
skttdijayaskk,https://sites.google.com/moe-dl.edu.my/skttdijayaskk/id-google-classroom-murid,id google classroom murid 
skttdijayaskk,https://sites.google.com/moe-dl.edu.my/skttdijayaskk/senarai-nama-murid-mengikut-rumah-sukan,senarai nama murid mengikut rumah sukan
skttdijayaskk,https://sites.google.com/moe-dl.edu.my/skttdijayaskk/senarai-nama-murid-mengikut-unit-kokurikulum,senarai nama murid mengikut unit kokurikulum
skttdijayaskk,https://sites.google.com/moe-dl.edu.my/skttdijayaskk/senarai-nama-murid-mengikut-kelas,senarai nama murid mengikut kelas
skttdijayaskk,https://www.google.com/url?q=https%3A%2F%2Fmylink.la%2Ft%3Fu%3DGBXm9vrXe5%26l%3DgqYdGr85D3&sa=D&sntz=1&usg=AOvVaw3ONmMFLD8a4xk8Kgbv4pBB,senarai nama murid mengikut kelas
skttdijayaskk,https://www.google.com/url?q=https%3A%2F%2Fmylink.la%2Fskttdijkoku&sa=D&sntz=1&usg=AOvVaw1DRZx6JewbLeJ-x9oLWxx3,senarai nama murid mengikut unit kokurikulum
skttdijayaskk,https://sites.google.com/moe-dl.edu.my/skttdijayaskk/senarai-nama-murid-mengikut-kelas,senarai nama murid mengikut kelas
skttdijayaskk,https://docs.google.com/spreadsheets/d/1GEtmL9uGrChBbK6CnSY6za-iiYs46I4rpQYSCArbZPI/edit?usp=sharing,senarai nama murid mengikut rumah sukan
skttdijayaskk,https://sites.google.com/moe-dl.edu.my/skttdijayaskk/senarai-nama-murid-mengikut-unit-kokurikulum,senarai nama murid mengikut unit kokurikulum
skttdijayaskk,https://sites.google.com/moe-dl.edu.my/skttdijayaskk/senarai-nama-murid-mengikut-kelas,senarai nama murid mengikut kelas
skttdijayaskk,https://sites.google.com/moe-dl.edu.my/skttdijayaskk/id-google-classroom-murid,id google classroom murid 
skttdijayaskk,https://sites.google.com/moe-dl.edu.my/skttdijayaskk/senarai-nama-murid-mengikut-rumah-sukan,senarai nama murid mengikut rumah sukan
skttdijayaskk,https://sites.google.com/moe-dl.edu.my/skttdijayaskk/senarai-nama-murid-mengikut-unit-kokurikulum,senarai nama murid mengikut unit kokurikulum
skttdijayaskk,https://sites.google.com/moe-dl.edu.my/skttdijayaskk/senarai-nama-murid-mengikut-kelas,senarai nama murid mengikut kelas
skttdijayaskk,https://sites.google.com/moe-dl.edu.my/skttdijayaskk/id-google-classroom-murid,id google classroom murid 
skttdijayaskk,https://sites.google.com/moe-dl.edu.my/skttdijayaskk/senarai-nama-murid-mengikut-rumah-sukan,senarai nama murid mengikut rumah sukan
skttdijayaskk,https://sites.google.com/moe-dl.edu.my/skttdijayaskk/senarai-nama-murid-mengikut-unit-kokurikulum,senarai nama murid mengikut unit kokurikulum
skttdijayaskk,https://sites.google.com/moe-dl.edu.my/skttdijayaskk/senarai-nama-murid-mengikut-kelas,senarai nama murid mengikut kelas
skttdijayaskk,https://www.google.com/url?q=https%3A%2F%2Fmylink.la%2Fprogts25&sa=D&sntz=1&usg=AOvVaw23HUz3XOMmjfWmlfqUX1SI,link pemakluman ketidakhadiran ke sekolah tahun 1 - tahun 6
skttdijayaskk,https://sites.google.com/moe-dl.edu.my/skttdijayaskk/id-google-classroom-murid,id google classroom murid 
skttdijayaskk,https://sites.google.com/moe-dl.edu.my/skttdijayaskk/senarai-nama-murid-mengikut-rumah-sukan,senarai nama murid mengikut rumah sukan
skttdijayaskk,https://sites.google.com/moe-dl.edu.my/skttdijayaskk/senarai-nama-murid-mengikut-unit-kokurikulum,senarai nama murid mengikut unit kokurikulum
skttdijayaskk,https://sites.google.com/moe-dl.edu.my/skttdijayaskk/senarai-nama-murid-mengikut-kelas,senarai nama murid mengikut kelas
skttdijayaskk,https://sites.google.com/moe-dl.edu.my/skttdijayaskk/pemakluman-ketidakhadiran-ke-sekolah,pemakluman ketidakhadiran ke sekolah
skttdijayaskk,https://sites.google.com/moe-dl.edu.my/skttdijayaskk/id-google-classroom-murid,id google classroom murid 
skttdijayaskk,https://sites.google.com/moe-dl.edu.my/skttdijayaskk/senarai-nama-murid-mengikut-rumah-sukan,senarai nama murid mengikut rumah sukan
skttdijayaskk,https://sites.google.com/moe-dl.edu.my/skttdijayaskk/senarai-nama-murid-mengikut-unit-kokurikulum,senarai nama murid mengikut unit kokurikulum
skttdijayaskk,https://sites.google.com/moe-dl.edu.my/skttdijayaskk/senarai-nama-murid-mengikut-kelas,senarai nama murid mengikut kelas
skttdijayaskk,https://sites.google.com/moe-dl.edu.my/skttdijayaskk/pemakluman-ketidakhadiran-ke-sekolah,pemakluman ketidakhadiran ke sekolah
skttdijayaskk,https://sites.google.com/moe-dl.edu.my/skttdijayaskk/id-google-classroom-murid,id google classroom murid 
skttdijayaskk,https://sites.google.com/moe-dl.edu.my/skttdijayaskk/senarai-nama-murid-mengikut-rumah-sukan,senarai nama murid mengikut rumah sukan
skttdijayaskk,https://sites.google.com/moe-dl.edu.my/skttdijayaskk/senarai-nama-murid-mengikut-unit-kokurikulum,senarai nama murid mengikut unit kokurikulum
skttdijayaskk,https://sites.google.com/moe-dl.edu.my/skttdijayaskk/senarai-nama-murid-mengikut-kelas,senarai nama murid mengikut kelas
smkss,https://sites.google.com/moe-dl.edu.my/smkss/hal-ehwal-murid,hal ehwal murid
smkss,https://sites.google.com/moe-dl.edu.my/smkss/hal-ehwal-murid,hal ehwal murid
smkss,https://sites.google.com/moe-dl.edu.my/smkss/hal-ehwal-murid,hal ehwal murid
smkss,https://sites.google.com/moe-dl.edu.my/smkss/hal-ehwal-murid,hal ehwal murid
smkss,https://sites.google.com/moe-dl.edu.my/smkss/hal-ehwal-murid,hal ehwal murid
smkss,https://sites.google.com/moe-dl.edu.my/smkss/hal-ehwal-murid,hal ehwal murid
smkss,https://sites.google.com/moe-dl.edu.my/smkss/hal-ehwal-murid,hal ehwal murid
smkss,https://sites.google.com/moe-dl.edu.my/smkss/hal-ehwal-murid,hal ehwal murid
smkss,https://sites.google.com/moe-dl.edu.my/smkss/hal-ehwal-murid,hal ehwal murid
smkss,https://sites.google.com/moe-dl.edu.my/smkss/hal-ehwal-murid,hal ehwal murid
smkss,https://sites.google.com/moe-dl.edu.my/smkss/hal-ehwal-murid,hal ehwal murid
smkss,https://sites.google.com/moe-dl.edu.my/smkss/hal-ehwal-murid,hal ehwal murid
smkss,https://sites.google.com/moe-dl.edu.my/smkss/hal-ehwal-murid,hal ehwal murid
smkss,https://sites.google.com/moe-dl.edu.my/smkss/hal-ehwal-murid,hal ehwal murid
smkss,https://sites.google.com/moe-dl.edu.my/smkss/hal-ehwal-murid,hal ehwal murid
smkss,https://sites.google.com/moe-dl.edu.my/smkss/hal-ehwal-murid,hal ehwal murid
smkss,https://sites.google.com/moe-dl.edu.my/smkss/hal-ehwal-murid,hal ehwal murid
smkss,https://sites.google.com/moe-dl.edu.my/smkss/hal-ehwal-murid,hal ehwal murid
smkss,https://sites.google.com/moe-dl.edu.my/smkss/hal-ehwal-murid,hal ehwal murid
smkss,https://sites.google.com/moe-dl.edu.my/smkss/hal-ehwal-murid,hal ehwal murid
smkss,https://sites.google.com/moe-dl.edu.my/smkss/hal-ehwal-murid,hal ehwal murid
smkss,https://sites.google.com/moe-dl.edu.my/smkss/hal-ehwal-murid,hal ehwal murid
smkss,https://sites.google.com/moe-dl.edu.my/smkss/hal-ehwal-murid,hal ehwal murid
smkss,https://sites.google.com/moe-dl.edu.my/smkss/hal-ehwal-murid,hal ehwal murid
smkss,https://sites.google.com/moe-dl.edu.my/smkss/hal-ehwal-murid,hal ehwal murid
smkss,https://sites.google.com/moe-dl.edu.my/smkss/hal-ehwal-murid,hal ehwal murid
smkss,https://sites.google.com/moe-dl.edu.my/smkss/hal-ehwal-murid,hal ehwal murid
smkss,https://sites.google.com/moe-dl.edu.my/smkss/hal-ehwal-murid,hal ehwal murid
smkss,https://sites.google.com/moe-dl.edu.my/smkss/hal-ehwal-murid,hal ehwal murid
smkss,https://sites.google.com/moe-dl.edu.my/smkss/hal-ehwal-murid,hal ehwal murid
smkss,https://sites.google.com/moe-dl.edu.my/smkss/hal-ehwal-murid,hal ehwal murid
smkss,https://sites.google.com/moe-dl.edu.my/smkss/hal-ehwal-murid,hal ehwal murid
smkss,https://sites.google.com/moe-dl.edu.my/smkss/hal-ehwal-murid,hal ehwal murid
smkss,#h.54muamry3lbd,2018: vivid
smkss,https://sites.google.com/moe-dl.edu.my/smkss/hal-ehwal-murid,hal ehwal murid
smkss,https://sites.google.com/moe-dl.edu.my/smkss/hal-ehwal-murid,hal ehwal murid
smkss,https://sites.google.com/moe-dl.edu.my/smkss/hal-ehwal-murid,hal ehwal murid
smkss,https://sites.google.com/moe-dl.edu.my/smkss/hal-ehwal-murid,hal ehwal murid
smkss,https://sites.google.com/moe-dl.edu.my/smkss/hal-ehwal-murid,hal ehwal murid
smkss,https://sites.google.com/moe-dl.edu.my/smkss/hal-ehwal-murid,hal ehwal murid
smkss,https://sites.google.com/moe-dl.edu.my/smkss/hal-ehwal-murid,hal ehwal murid
smkss,https://sites.google.com/moe-dl.edu.my/smkss/hal-ehwal-murid,hal ehwal murid
smkss,https://sites.google.com/moe-dl.edu.my/smkss/hal-ehwal-murid,hal ehwal murid
smkss,https://sites.google.com/moe-dl.edu.my/smkss/hal-ehwal-murid,hal ehwal murid
smkss,http://www.google.com/url?q=http%3A%2F%2Fbit.ly%2Fwea0237_datakokomurid&sa=D&sntz=1&usg=AOvVaw1eQf7D3-CiyVDW9FmBKbCO,data kokurikulum murid
smkss,https://sites.google.com/moe-dl.edu.my/smkss/hal-ehwal-murid,hal ehwal murid
smkss,https://sites.google.com/moe-dl.edu.my/smkss/hal-ehwal-murid,hal ehwal murid
smkss,https://sites.google.com/moe-dl.edu.my/smkss/hal-ehwal-murid,hal ehwal murid
smkss,https://sites.google.com/moe-dl.edu.my/smkss/hal-ehwal-murid,hal ehwal murid
smkss,https://sites.google.com/moe-dl.edu.my/smkss/hal-ehwal-murid,hal ehwal murid
smkss,https://sites.google.com/moe-dl.edu.my/smkss/hal-ehwal-murid,hal ehwal murid
smkss,https://sites.google.com/moe-dl.edu.my/smkss/hal-ehwal-murid,hal ehwal murid
smkss,https://sites.google.com/moe-dl.edu.my/smkss/hal-ehwal-murid,hal ehwal murid
smkss,https://sites.google.com/moe-dl.edu.my/smkss/hal-ehwal-murid,hal ehwal murid
smkss,https://sites.google.com/moe-dl.edu.my/smkss/hal-ehwal-murid,hal ehwal murid
smkss,https://sites.google.com/moe-dl.edu.my/smkss/hal-ehwal-murid,hal ehwal murid
smkss,https://sites.google.com/moe-dl.edu.my/smkss/hal-ehwal-murid,hal ehwal murid
smkss,https://sites.google.com/moe-dl.edu.my/smkss/hal-ehwal-murid,hal ehwal murid
smkss,https://sites.google.com/moe-dl.edu.my/smkss/hal-ehwal-murid,hal ehwal murid
smkss,https://sites.google.com/moe-dl.edu.my/smkss/hal-ehwal-murid,hal ehwal murid
smkss,https://sites.google.com/moe-dl.edu.my/smkss/hal-ehwal-murid,hal ehwal murid
smkss,https://sites.google.com/moe-dl.edu.my/smkss/hal-ehwal-murid,hal ehwal murid
smkss,https://sites.google.com/moe-dl.edu.my/smkss/hal-ehwal-murid,hal ehwal murid
smkss,https://sites.google.com/moe-dl.edu.my/smkss/hal-ehwal-murid,hal ehwal murid
smkss,https://sites.google.com/moe-dl.edu.my/smkss/hal-ehwal-murid,hal ehwal murid
smkss,https://sites.google.com/moe-dl.edu.my/smkss/hal-ehwal-murid,hal ehwal murid
smkss,https://sites.google.com/moe-dl.edu.my/smkss/hal-ehwal-murid,hal ehwal murid
smkss,https://sites.google.com/moe-dl.edu.my/smkss/hal-ehwal-murid,hal ehwal murid
smkss,https://sites.google.com/moe-dl.edu.my/smkss/hal-ehwal-murid,hal ehwal murid
smkss,https://sites.google.com/moe-dl.edu.my/smkss/hal-ehwal-murid,hal ehwal murid
smkss,https://sites.google.com/moe-dl.edu.my/smkss/hal-ehwal-murid,hal ehwal murid
smkss,https://sites.google.com/moe-dl.edu.my/smkss/hal-ehwal-murid,hal ehwal murid
smkss,https://sites.google.com/moe-dl.edu.my/smkss/hal-ehwal-murid,hal ehwal murid
smkss,https://sites.google.com/moe-dl.edu.my/smkss/hal-ehwal-murid,hal ehwal murid
smkss,https://sites.google.com/moe-dl.edu.my/smkss/hal-ehwal-murid,hal ehwal murid
smkss,https://www.popularonline.com.my/malay/catalog/category/view/s/SMK%20Secondary%201/id/4299/?did=4267,https://www.popularonline.com.my/malay/catalog/category/view/s/smk%20secondary%201/id/4299/?did=4267
smkss,https://sites.google.com/moe-dl.edu.my/smkss/hal-ehwal-murid,hal ehwal murid
smkss,https://sites.google.com/moe-dl.edu.my/smkss/hal-ehwal-murid,hal ehwal murid
smkss,https://t.me/HafizanAfif,üì≤ en. hafizan afif bin hamidi
smkss,https://www.moe.gov.my/pekeliling/3911-spi-bilangan-4-tahun-2020-penguatkuasaan-warna-kasut-dan-stoking-untuk-pemakaian-ke-sekolah-oleh-murid-sekolah-kementerian-pendidikan-malaysia-mulai-2021/file,üëü penguatkuasaan pemakaian kasut dan stoking hitam atau putih oleh murid sekolah kementerian pendidikan malaysia (kpm) mulai tahun 2021:
smkss,https://sites.google.com/moe-dl.edu.my/smkss/hal-ehwal-murid,hal ehwal murid
smkss,https://sites.google.com/moe-dl.edu.my/smkss/hal-ehwal-murid,hal ehwal murid
smkss,https://sites.google.com/moe-dl.edu.my/smkss/hal-ehwal-murid,hal ehwal murid
smkss,https://sites.google.com/moe-dl.edu.my/smkss/hal-ehwal-murid,hal ehwal murid
smkss,https://sites.google.com/moe-dl.edu.my/smkss/hal-ehwal-murid,hal ehwal murid
smkss,https://sites.google.com/moe-dl.edu.my/smkss/hal-ehwal-murid,hal ehwal murid
smkss,https://sites.google.com/moe-dl.edu.my/smkss/hal-ehwal-murid,hal ehwal murid
smkss,https://sites.google.com/moe-dl.edu.my/smkss/hal-ehwal-murid,hal ehwal murid
smkss,https://sites.google.com/moe-dl.edu.my/smkss/hal-ehwal-murid,hal ehwal murid
smkss,https://sites.google.com/moe-dl.edu.my/smkss/hal-ehwal-murid,hal ehwal murid
smkss,https://sites.google.com/moe-dl.edu.my/smkss/hal-ehwal-murid,hal ehwal murid
smkss,https://sites.google.com/moe-dl.edu.my/smkss/hal-ehwal-murid,hal ehwal murid
smkss,https://sites.google.com/moe-dl.edu.my/smkss/hal-ehwal-murid,hal ehwal murid
smkss,https://sites.google.com/moe-dl.edu.my/smkss/hal-ehwal-murid,hal ehwal murid
smkss,https://sites.google.com/moe-dl.edu.my/smkss/hal-ehwal-murid,hal ehwal murid
smkss,https://sites.google.com/moe-dl.edu.my/smkss/hal-ehwal-murid,hal ehwal murid
smkss,https://sites.google.com/moe-dl.edu.my/smkss/hal-ehwal-murid,hal ehwal murid
smkss,https://sites.google.com/moe-dl.edu.my/smkss/hal-ehwal-murid,hal ehwal murid
smkss,https://datastudio.google.com/reporting/3568e38b-9fd8-434a-a71c-e1d26996affe,e-mail id moe delima
smkss,https://sites.google.com/moe-dl.edu.my/smkss/hal-ehwal-murid,hal ehwal murid
smkss,https://sites.google.com/moe-dl.edu.my/smkss/hal-ehwal-murid,hal ehwal murid
smkss,https://sites.google.com/moe-dl.edu.my/smkss/hal-ehwal-murid,hal ehwal murid
smkss,https://datastudio.google.com/reporting/3568e38b-9fd8-434a-a71c-e1d26996affe,e-mail id moe delima
smkss,https://sites.google.com/moe-dl.edu.my/smkss/hal-ehwal-murid,hal ehwal murid
smkss,https://sites.google.com/moe-dl.edu.my/smkss/hal-ehwal-murid,hal ehwal murid
smkss,https://sites.google.com/moe-dl.edu.my/smkss/hal-ehwal-murid,hal ehwal murid
smkss,https://sites.google.com/moe-dl.edu.my/smkss/hal-ehwal-murid,hal ehwal murid
smkss,https://sites.google.com/moe-dl.edu.my/smkss/hal-ehwal-murid,hal ehwal murid
smkss,https://sites.google.com/moe-dl.edu.my/smkss/hal-ehwal-murid,hal ehwal murid
smkss,https://sites.google.com/moe-dl.edu.my/smkss/hal-ehwal-murid,hal ehwal murid
smkss,https://sites.google.com/moe-dl.edu.my/smkss/hal-ehwal-murid,hal ehwal murid
smkss,https://sites.google.com/moe-dl.edu.my/smkss/hal-ehwal-murid,hal ehwal murid
smkss,https://sites.google.com/moe-dl.edu.my/smkss/hal-ehwal-murid,hal ehwal murid
smkss,https://sites.google.com/moe-dl.edu.my/smkss/hal-ehwal-murid,hal ehwal murid
smkss,https://sites.google.com/moe-dl.edu.my/smkss/hal-ehwal-murid,hal ehwal murid
smkss,https://sites.google.com/moe-dl.edu.my/smkss/hal-ehwal-murid,hal ehwal murid
smkss,https://sites.google.com/moe-dl.edu.my/smkss/hal-ehwal-murid,hal ehwal murid
smkss,https://sites.google.com/moe-dl.edu.my/smkss/hal-ehwal-murid,hal ehwal murid
smkss,https://sites.google.com/moe-dl.edu.my/smkss/hal-ehwal-murid,hal ehwal murid
smkss,https://sites.google.com/moe-dl.edu.my/smkss/hal-ehwal-murid,hal ehwal murid
smkss,https://sites.google.com/moe-dl.edu.my/smkss/hal-ehwal-murid,hal ehwal murid
smkss,https://sites.google.com/moe-dl.edu.my/smkss/hal-ehwal-murid,hal ehwal murid
smkss,https://sites.google.com/moe-dl.edu.my/smkss/hal-ehwal-murid,hal ehwal murid
smkss,https://sites.google.com/moe-dl.edu.my/smkss/hal-ehwal-murid,hal ehwal murid
smkss,https://sites.google.com/moe-dl.edu.my/smkss/hal-ehwal-murid,hal ehwal murid
smkss,https://sites.google.com/moe-dl.edu.my/smkss/hal-ehwal-murid,hal ehwal murid
smkss,https://sites.google.com/moe-dl.edu.my/smkss/hal-ehwal-murid,hal ehwal murid
smkss,https://sites.google.com/moe-dl.edu.my/smkss/hal-ehwal-murid,hal ehwal murid
smkss,https://sites.google.com/moe-dl.edu.my/smkss/hal-ehwal-murid,hal ehwal murid
smkss,https://sites.google.com/moe-dl.edu.my/smkss/hal-ehwal-murid,hal ehwal murid
smkss,https://sites.google.com/moe-dl.edu.my/smkss/hal-ehwal-murid,hal ehwal murid
smkss,https://sites.google.com/moe-dl.edu.my/smkss/hal-ehwal-murid,hal ehwal murid
smkss,https://sites.google.com/moe-dl.edu.my/smkss/hal-ehwal-murid,hal ehwal murid
smkss,https://drive.google.com/drive/folders/1KX4CV0l1RxC-uXWFE-3bU9TErxUorHbp?usp=share_link,download mp4 (video)
smkss,https://sites.google.com/moe-dl.edu.my/smkss/hal-ehwal-murid,hal ehwal murid
smkss,https://sites.google.com/moe-dl.edu.my/smkss/hal-ehwal-murid,hal ehwal murid
smkss,https://sites.google.com/moe-dl.edu.my/smkss/hal-ehwal-murid,hal ehwal murid
smkss,https://sites.google.com/moe-dl.edu.my/smkss/hal-ehwal-murid,hal ehwal murid
smkss,https://sites.google.com/moe-dl.edu.my/smkss/hal-ehwal-murid,hal ehwal murid
smkss,https://sites.google.com/moe-dl.edu.my/smkss/hal-ehwal-murid,hal ehwal murid
smkss,#h.uh11pkvsw2zn,ikrar perkhidmatan awam
smkss,https://sites.google.com/moe-dl.edu.my/smkss/hal-ehwal-murid,hal ehwal murid
smkss,https://sites.google.com/moe-dl.edu.my/smkss/hal-ehwal-murid,hal ehwal murid
smkss,https://sites.google.com/moe-dl.edu.my/smkss/hal-ehwal-murid,hal ehwal murid
smkss,https://sites.google.com/moe-dl.edu.my/smkss/hal-ehwal-murid,hal ehwal murid
smkss,https://sites.google.com/moe-dl.edu.my/smkss/hal-ehwal-murid,hal ehwal murid
smkss,https://sites.google.com/moe-dl.edu.my/smkss/hal-ehwal-murid,hal ehwal murid
smkss,https://sites.google.com/moe-dl.edu.my/smkss/hal-ehwal-murid,hal ehwal murid
smkss,https://sites.google.com/moe-dl.edu.my/smkss/hal-ehwal-murid,hal ehwal murid
smkss,https://sites.google.com/moe-dl.edu.my/smkss/hal-ehwal-murid,hal ehwal murid
smkss,https://sites.google.com/moe-dl.edu.my/smkss/hal-ehwal-murid,hal ehwal murid
smkss,https://sites.google.com/moe-dl.edu.my/smkss/hal-ehwal-murid,hal ehwal murid
smkss,https://sites.google.com/moe-dl.edu.my/smkss/hal-ehwal-murid,hal ehwal murid
smkss,https://sites.google.com/moe-dl.edu.my/smkss/hal-ehwal-murid,hal ehwal murid
smkss,https://sites.google.com/moe-dl.edu.my/smkss/hal-ehwal-murid,hal ehwal murid
smkss,https://sites.google.com/moe-dl.edu.my/smkss/hal-ehwal-murid,hal ehwal murid
smkss,https://sites.google.com/moe-dl.edu.my/smkss/hal-ehwal-murid,hal ehwal murid
smkss,https://sites.google.com/moe-dl.edu.my/smkss/hal-ehwal-murid,hal ehwal murid
smkss,https://sites.google.com/moe-dl.edu.my/smkss/hal-ehwal-murid,hal ehwal murid
smkss,https://sites.google.com/moe-dl.edu.my/smkss/hal-ehwal-murid,hal ehwal murid
smkss,https://sites.google.com/moe-dl.edu.my/smkss/hal-ehwal-murid,hal ehwal murid
smkss,https://sites.google.com/moe-dl.edu.my/smkss/hal-ehwal-murid,hal ehwal murid
smkss,https://sites.google.com/moe-dl.edu.my/smkss/hal-ehwal-murid,hal ehwal murid
smkss,https://sites.google.com/moe-dl.edu.my/smkss/hal-ehwal-murid,hal ehwal murid
smkss,https://sites.google.com/moe-dl.edu.my/smkss/hal-ehwal-murid,hal ehwal murid
smkss,https://sites.google.com/moe-dl.edu.my/smkss/pengenalan/piagam-pelanggan-ikrar,üó£Ô∏è ikrar perkhidmatan awam
smkss,https://sites.google.com/moe-dl.edu.my/smkss/hal-ehwal-murid,hal ehwal murid
smkss,https://sites.google.com/moe-dl.edu.my/smkss/hal-ehwal-murid,hal ehwal murid
smkss,https://sites.google.com/moe-dl.edu.my/smkss/hal-ehwal-murid,hal ehwal murid
